timestamp	set_id	seed	cm00	cm11
2026-04-07 12:56:06.464127	0	1	0.6109	0.8127
2026-04-07 22:03:37.996868	0	2	0.6708	0.8184
2026-04-08 03:37:44.568214	0	3	0.5795	0.8781
2026-04-08 09:52:53.858994	0	4	0.7382	0.7338
2026-04-08 19:27:44.107398	0	5	0.6683	0.8227
2026-04-09 03:01:49.383173	0	6	0.6157	0.8363
2026-04-09 09:41:30.443955	0	7	0.5518	0.9187
2026-04-09 15:54:29.298921	1	1	0.6513	0.8532
2026-04-09 22:16:13.591989	1	2	0.6655	0.7797
2026-04-10 05:35:56.061285	1	3	0.5711	0.8796
2026-04-10 13:26:39.869683	1	4	0.7248	0.7612
2026-04-10 20:06:00.082543	1	5	0.5786	0.8839
2026-04-11 03:51:43.163771	1	6	0.7412	0.7798
2026-04-11 10:50:01.757026	1	7	0.7165	0.7754
2026-04-11 19:41:16.784397	2	1	0.6336	0.8209
2026-04-12 02:06:42.474479	2	2	0.5559	0.8899
2026-04-12 08:07:35.900907	2	3	0.5954	0.8725
2026-04-12 18:10:06.229131	2	4	0.6994	0.8311
2026-04-13 06:33:09.756181	2	5	0.6572	0.7705
2026-04-13 13:24:08.953442	2	6	0.5535	0.9311
2026-04-13 20:48:43.634259	2	7	0.5919	0.8830
2026-04-14 04:11:47.059786	3	1	0.7682	0.7267
